comment,label
Try eco-conscious hobbies that help both you and nature thrive.,nothate
Get into green activities like composting and planting trees â€” itâ€™s healing for you and the Earth.,nothate
Spend more time outside with nature-loving hobbies that leave a light footprint.,nothate
"Beekeeping, birdwatching, and home gardening â€” good for the soul, good for the world.",nothate
Swap screen time for soil time.,nothate
Who knew sustainability could be this fun?,nothate
Find peace and purpose through mindful eco-hobbies.,nothate
You can reconnect with nature without leaving a trace.,nothate
"Gardening isn't just a hobby, itâ€™s a revolution.",nothate
Reduce stress and waste at the same time.,nothate
Wildlife watching = the most underrated sustainable hobby.,nothate
A walk in the woods is both free and Earth-friendly.,nothate
Your free time can reflect your values too.,nothate
"Adopt a plant, not a product.",nothate
Sustainable fun exists â€” go find it!,nothate
Your hobbies can be healing and helpful.,nothate
Pick up a habit that plants seeds â€” literally or figuratively.,nothate
"Creating joy without creating waste? Yes, please.",nothate
Let nature be your entertainment.,nothate
"Thereâ€™s magic in slow, sustainable living.",nothate
The planet thanks you for choosing low-impact fun.,nothate
"Play, rest, and restore â€” all without harming ecosystems.",nothate
Tending to nature tends to your spirit.,nothate
"Ever tried foraging, nature journaling, or making seed bombs?",nothate
The outdoors is the original wellness center.,nothate
Choose joy that doesnâ€™t cost the Earth.,nothate
Your garden could be your therapy.,nothate
"Help pollinators, help yourself.",nothate
Craft with reclaimed materials â€” itâ€™s art with heart.,nothate
"Disconnect digitally, reconnect naturally.",nothate
Let your leisure time reflect your care for the planet.,nothate
Explore activities that regenerate the Earth while reviving your energy.,nothate
"Breathe fresh air, not exhaust fumes.",nothate
"Use your hands to heal â€” soil, seeds, sunshine.",nothate
Zero-waste hobbies are the new flex.,nothate
"Be part of nature, not separate from it.",nothate
Small habits create big change.,nothate
Support biodiversity in your backyard.,nothate
"Playtime for you, lifeline for the planet.",nothate
Nature isnâ€™t a background; itâ€™s a co-creator.,nothate
Rest can be revolutionary â€” especially when itâ€™s sustainable.,nothate
Give your leisure time more meaning.,nothate
Let your lifestyle speak for your values.,nothate
"Build a birdhouse, not a landfill.",nothate
Sustainable hobbies = self-care for future generations.,nothate
You donâ€™t need plastic to play.,nothate
Natureâ€™s pace is the best pace.,nothate
Live like everything you do matters.,nothate
Explore without extracting.,nothate
"Create beauty, not waste.",nothate
Connect with the Earth daily â€” even for five minutes.,nothate
"Nature-based hobbies are low cost, high reward.",nothate
Experience joy through stewardship.,nothate
Try outdoor painting or making your own herbal tea blends.,nothate
"Less screen, more green.",nothate
Preserve nature while enjoying it.,nothate
Thereâ€™s power in planting.,nothate
What if your next hobby helped reverse climate change?,nothate
Regenerative living starts in your free time.,nothate
Leisure doesnâ€™t need to leave a footprint.,nothate
"Enjoy lifeâ€™s simple, sustainable pleasures.",nothate
Your hobbies can reflect a more hopeful future.,nothate
"Touch the soil, feel alive.",nothate
Make time for Earth-friendly rituals.,nothate
Give yourself permission to slow down and grow something.,nothate
Every garden is a small act of rebellion.,nothate
You + nature = better together.,nothate
Rewild your weekends.,nothate
Sustainable fun is deeply satisfying.,nothate
Let your downtime heal the world.,nothate
"Itâ€™s okay to do less, especially when it helps more.",nothate
Sustainable hobbies arenâ€™t boring â€” theyâ€™re grounding.,nothate
The best things donâ€™t come wrapped in plastic.,nothate
Protect what you enjoy.,nothate
Build a legacy with your leisure.,nothate
The Earth isnâ€™t your backdrop â€” itâ€™s your partner.,nothate
Bring nature into your daily rhythm.,nothate
Regeneration can be relaxing.,nothate
Thereâ€™s joy in doing things the slow way.,nothate
Create a hobby garden and grow more than food.,nothate
"Beekeeping teaches patience, connection, and care.",nothate
Nature is the best teacher.,nothate
Stewardship can be a hobby too.,nothate
Make fun meaningful.,nothate
Whatâ€™s more satisfying than watching something grow?,nothate
"Change the world, one weekend at a time.",nothate
Compost your stress.,nothate
Replace consumption with cultivation.,nothate
Learn to live with the seasons.,nothate
Real sustainability starts in your routine.,nothate
Eco-joy > fast joy.,nothate
Doing nothing in nature is still doing something.,nothate
Align your joy with justice.,nothate
"Plant a garden, plant hope.",nothate
Sustainable hobbies are deeply human.,nothate
Connection begins with intention.,nothate
Touch grass â€” literally.,nothate
"Feed the soil, feed your soul.",nothate
Do less harm while doing more good.,nothate
This again?,hate
"Wow, so brave of you to talk about gardening ğŸ™„",hate
Canâ€™t believe people think this is helpful.,hate
Yâ€™all really romanticize dirt now?,hate
Let me guess â€” another influencer with a plant.,hate
No one asked.,hate
What a useless suggestion.,hate
So weâ€™re fixing climate change with bees now?,hate
You sound like a brochure.,hate
I miss when people had real hobbies.,hate
"Please touch grass â€” oh wait, you already are.",hate
This is just aesthetic nonsense.,hate
And this helps the planet how?,hate
Congrats on discovering nature.,hate
Keep pretending your kale is saving the world.,hate
Virtue signaling at its finest.,hate
Youâ€™re not better than anyone for planting flowers.,hate
This is just a distraction from real issues.,hate
Gardening doesnâ€™t make you a saint.,hate
"Beekeeping isnâ€™t activism, itâ€™s Instagram bait.",hate
"Oh look, another recycled post.",hate
This reads like AI wrote it.,hate
Boring.,hate
Just say youâ€™re bored and move on.,hate
Someone really thought this was profound?,hate
"This isnâ€™t deep, itâ€™s dirt.",hate
Literally no one cares.,hate
Can we stop pretending composting is revolutionary?,hate
"Wow, changing the world one tomato at a time.",hate
Cringe.,hate
Nothing new here.,hate
Another nature-worshipping thread ğŸ™„,hate
So out of touch.,hate
Sounds like something your yoga teacher told you.,hate
This is why no one takes environmentalists seriously.,hate
Touching leaves wonâ€™t fix late-stage capitalism.,hate
Imagine thinking bees will save us.,hate
Your hobby isnâ€™t activism.,hate
"We get it, you like plants.",hate
Try saying something original.,hate
I miss the internet before this trend.,hate
Keep pretending this matters.,hate
Who has time for this nonsense?,hate
Youâ€™re not relatable.,hate
Cute way to avoid real problems.,hate
This is such a nothing-burger.,hate
Doing the absolute least and bragging.,hate
Nature doesnâ€™t need your hobby.,hate
Congrats on discovering common sense.,hate
Your â€œmeaningful experienceâ€ sounds like a waste of time.,hate
You think youâ€™re better than others for gardening?,hate
Real activism isnâ€™t aesthetic.,hate
There are actual crises and you're talking about bees.,hate
Just say you wanted to post a pretty pic.,hate
"Oh cool, another backyard savior.",hate
This does absolutely nothing.,hate
Pretending to care for likes.,hate
Do less.,hate
Canâ€™t wait for this trend to die.,hate
"Another day, another pointless post.",hate
Why is this always on my feed?,hate
Keep posting like this changes anything.,hate
Nobody asked for your earth advice.,hate
Plants canâ€™t read your captions.,hate
Trying way too hard.,hate
Let me guess â€” you live off-grid now too?,hate
"Wow, you touched a leaf, congrats.",hate
This isnâ€™t the flex you think it is.,hate
Just admit itâ€™s for the aesthetic.,hate
Laughing at how serious you sound.,hate
This is peak Instagram nonsense.,hate
Another fake â€œecoâ€ moment.,hate
Please stop.,hate
Tired of this preachy vibe.,hate
The Earth isnâ€™t impressed.,hate
Acting like planting a flower is activism.,hate
Itâ€™s giving fake woke.,hate
This is just greenwashed self-care.,hate
How does this help anyone?,hate
Save it for your eco-retreat.,hate
This wonâ€™t age well.,hate
This is why the movement is mocked.,hate
Trying too hard to sound wise.,hate
It's not that deep.,hate
Another guilt post disguised as a hobby.,hate
Get over yourself.,hate
What a waste of a platform.,hate
Your garden wonâ€™t save the planet.,hate
Weâ€™ve heard this 100 times already.,hate
Are you even doing anything that matters?,hate
This helps your ego more than the Earth.,hate
Plants wonâ€™t solve policy.,hate
Nobody is inspired by this.,hate
Another surface-level take.,hate
Feels like filler content.,hate
Youâ€™re not the first to plant a seed.,hate
Just say you wanted engagement.,hate
This feels more like branding than caring.,hate
This is basically green aesthetics cosplay.,hate
Congrats on saying a lot and meaning very little.,hate
