comment,label
The outdoors is the original wellness center.,nothate
"Beekeeping isn't activism, it's Instagram bait.",hate
Find peace and purpose through mindful eco-hobbies.,nothate
"Plant a garden, plant hope.",nothate
Bring nature into your daily rhythm.,nothate
Please stop.,hate
Your free time can reflect your values too.,nothate
Protect what you enjoy.,nothate
Tending to nature tends to your spirit.,nothate
"Less screen, more green.",nothate
Another nature-worshipping thread,hate
What a useless suggestion.,hate
"Let me guess, another influencer with a plant.",hate
This feels more like branding than caring.,hate
Laughing at how serious you sound.,hate
This is just aesthetic nonsense.,hate
"Help pollinators, help yourself.",nothate
Sustainable hobbies are deeply human.,nothate
Sustainable hobbies = self-care for future generations.,nothate
This isn't the flex you think it is.,hate
Regenerative living starts in your free time.,nothate
And this helps the planet how?,hate
Tired of this preachy vibe.,hate
This again?,hate
Nature doesn't need your hobby.,hate
Connection begins with intention.,nothate
Y'all really romanticize dirt now?,hate
Do less harm while doing more good.,nothate
Choose joy that doesn't cost the Earth.,nothate
Your hobbies can reflect a more hopeful future.,nothate
Rewild your weekends.,nothate
Do less.,hate
Doing nothing in nature is still doing something.,nothate
How does this help anyone?,hate
Try outdoor painting or making your own herbal tea blends.,nothate
What's more satisfying than watching something grow?,nothate
"The Earth isn't your backdrop, it's your partner.",nothate
So we're fixing climate change with bees now?,hate
Just admit it's for the aesthetic.,hate
"Pick up a habit that plants seeds, literally or figuratively.",nothate
I miss the internet before this trend.,hate
Small habits create big change.,nothate
Feels like filler content.,hate
Give your leisure time more meaning.,nothate
"Wow, you touched a leaf, congrats.",hate
Acting like planting a flower is activism.,hate
Literally no one cares.,hate
Regeneration can be relaxing.,nothate
"Build a birdhouse, not a landfill.",nothate
Nothing new here.,hate
"Touch the soil, feel alive.",nothate
Keep posting like this changes anything.,hate
"There's magic in slow, sustainable living.",nothate
Just say you wanted engagement.,hate
Let your lifestyle speak for your values.,nothate
"Adopt a plant, not a product.",nothate
This is why no one takes environmentalists seriously.,hate
Cute way to avoid real problems.,hate
Get over yourself.,hate
Pretending to care for likes.,hate
Explore without extracting.,nothate
Doing the absolute least and bragging.,hate
It's giving fake woke.,hate
"Beekeeping teaches patience, connection, and care.",nothate
Gardening doesn't make you a saint.,hate
Every garden is a small act of rebellion.,nothate
"Use your hands to heal, soil, seeds, sunshine.",nothate
It's not that deep.,hate
You don't need plastic to play.,nothate
You think you're better than others for gardening?,hate
Can we stop pretending composting is revolutionary?,hate
Let nature be your entertainment.,nothate
I miss when people had real hobbies.,hate
Your meaningful experience sounds like a waste of time.,hate
Nature's pace is the best pace.,nothate
Virtue signaling at its finest.,hate
Who has time for this nonsense?,hate
"Craft with reclaimed materials, it's art with heart.",nothate
You're not better than anyone for planting flowers.,hate
Give yourself permission to slow down and grow something.,nothate
Sustainable fun is deeply satisfying.,nothate
What if your next hobby helped reverse climate change?,nothate
"Gardening isn't just a hobby, it's a revolution.",nothate
"This isn't deep, it's dirt.",hate
Let your downtime heal the world.,nothate
Congrats on saying a lot and meaning very little.,hate
Congrats on discovering common sense.,hate
"Wow, changing the world one tomato at a time.",hate
Reduce stress and waste at the same time.,nothate
Real sustainability starts in your routine.,nothate
Zero-waste hobbies are the new flex.,nothate
"Oh cool, another backyard savior.",hate
Swap screen time for soil time.,nothate
Learn to live with the seasons.,nothate
"We get it, you like plants.",hate
Try saying something original.,hate
Let your leisure time reflect your care for the planet.,nothate
The best things don't come wrapped in plastic.,nothate
Congrats on discovering nature.,hate
No one asked.,hate
"Rest can be revolutionary, especially when it's sustainable.",nothate
So out of touch.,hate
Another surface-level take.,hate
This is why the movement is mocked.,hate
This won't age well.,hate
You're not the first to plant a seed.,hate
Save it for your eco-retreat.,hate
"Touch grass, literally.",nothate
Live like everything you do matters.,nothate
"Feed the soil, feed your soul.",nothate
"Connect with the Earth daily, even for five minutes.",nothate
You + nature = better together.,nothate
Explore activities that regenerate the Earth while reviving your energy.,nothate
"Please touch grass, oh wait, you already are.",hate
Who knew sustainability could be this fun?,nothate
Sounds like something your yoga teacher told you.,hate
Are you even doing anything that matters?,hate
Create a hobby garden and grow more than food.,nothate
This is such a nothing-burger.,hate
This is just greenwashed self-care.,hate
Touching leaves won't fix late-stage capitalism.,hate
Can't wait for this trend to die.,hate
There's power in planting.,nothate
Boring.,hate
"Playtime for you, lifeline for the planet.",nothate
"It's okay to do less, especially when it helps more.",nothate
This is peak Instagram nonsense.,hate
You can reconnect with nature without leaving a trace.,nothate
You're not relatable.,hate
You sound like a brochure.,hate
A walk in the woods is both free and Earth-friendly.,nothate
Someone really thought this was profound?,hate
"Breathe fresh air, not exhaust fumes.",nothate
Imagine thinking bees will save us.,hate
Nobody asked for your earth advice.,hate
Try eco-conscious hobbies that help both you and nature thrive.,nothate
We've heard this 100 times already.,hate
Trying way too hard.,hate
"Change the world, one weekend at a time.",nothate
"Beekeeping, birdwatching, and home gardening, good for the soul, good for the world.",nothate
"Let me guess, you live off-grid now too?",hate
There's joy in doing things the slow way.,nothate
Just say you wanted to post a pretty pic.,hate
This is just a distraction from real issues.,hate
"Creating joy without creating waste? Yes, please.",nothate
Nature isn't a background; it's a co-creator.,nothate
"Create beauty, not waste.",nothate
"Be part of nature, not separate from it.",nothate
Wildlife watching = the most underrated sustainable hobby.,nothate
This is basically green aesthetics cosplay.,hate
Preserve nature while enjoying it.,nothate
Leisure doesn't need to leave a footprint.,nothate
This does absolutely nothing.,hate
Keep pretending this matters.,hate
Nature is the best teacher.,nothate
This helps your ego more than the Earth.,hate
Your garden could be your therapy.,nothate
Your hobbies can be healing and helpful.,nothate
